{
    "tension": 0.07184843270860544,
    "energie": 1.0,
    "curiosite": 0.05,
    "attachement": 0.19000000000000003,
    "entropie": 0.0,
    "stabilite": 1.0
}